{
    "edges": {
        "0": [
            0, 
            1
        ], 
        "1": [
            0, 
            5
        ], 
        "2": [
            4, 
            5
        ], 
        "3": [
            3, 
            4
        ], 
        "4": [
            2, 
            3
        ], 
        "5": [
            1, 
            2
        ], 
        "6": [
            4, 
            8
        ], 
        "7": [
            5, 
            7
        ], 
        "8": [
            6, 
            7
        ], 
        "9": [
            6, 
            9
        ], 
        "10": [
            8, 
            9
        ], 
        "11": [
            8, 
            10
        ], 
        "12": [
            9, 
            13
        ], 
        "13": [
            12, 
            13
        ], 
        "14": [
            11, 
            12
        ], 
        "15": [
            10, 
            11
        ], 
        "16": [
            3, 
            19
        ], 
        "17": [
            3, 
            8
        ], 
        "18": [
            10, 
            19
        ], 
        "19": [
            6, 
            16
        ], 
        "20": [
            13, 
            16
        ], 
        "21": [
            13, 
            15
        ], 
        "22": [
            15, 
            16
        ], 
        "23": [
            11, 
            14
        ], 
        "24": [
            12, 
            14
        ], 
        "25": [
            0, 
            17
        ], 
        "26": [
            7, 
            17
        ], 
        "27": [
            1, 
            18
        ], 
        "28": [
            2, 
            18
        ], 
        "29": [
            14, 
            20
        ], 
        "30": [
            15, 
            21
        ], 
        "31": [
            16, 
            22
        ], 
        "32": [
            17, 
            23
        ], 
        "33": [
            18, 
            24
        ], 
        "34": [
            19, 
            25
        ]
    }, 
    "vertices": {
        "0": [
            151.366833, 
            66.568265, 
            0.0
        ], 
        "1": [
            147.147818, 
            81.599955, 
            0.0
        ], 
        "2": [
            138.516693, 
            85.046441, 
            0.0
        ], 
        "3": [
            125.53964, 
            81.373554, 
            0.0
        ], 
        "4": [
            133.262283, 
            67.483853, 
            0.0
        ], 
        "5": [
            142.210786, 
            64.974099, 
            0.0
        ], 
        "6": [
            135.780842, 
            36.914848, 
            0.0
        ], 
        "7": [
            146.777483, 
            47.601696, 
            0.0
        ], 
        "8": [
            125.682776, 
            62.105596, 
            0.0
        ], 
        "9": [
            127.606504, 
            41.336924, 
            0.0
        ], 
        "10": [
            116.7828, 
            59.428846, 
            0.0
        ], 
        "11": [
            111.16837, 
            52.022583, 
            0.0
        ], 
        "12": [
            111.802719, 
            42.750465, 
            0.0
        ], 
        "13": [
            116.957988, 
            35.017563, 
            0.0
        ], 
        "14": [
            101.63795, 
            49.534348, 
            0.0
        ], 
        "15": [
            114.139958, 
            25.311057, 
            0.0
        ], 
        "16": [
            131.705662, 
            18.057676, 
            0.0
        ], 
        "17": [
            170.00352, 
            57.24124, 
            0.0
        ], 
        "18": [
            148.403757, 
            92.47997, 
            0.0
        ], 
        "19": [
            111.105619, 
            94.58102, 
            0.0
        ], 
        "20": [
            90.933866, 
            51.820587, 
            0.0
        ], 
        "21": [
            104.150766, 
            20.836651, 
            0.0
        ], 
        "22": [
            136.788892, 
            8.364119, 
            0.0
        ], 
        "23": [
            180.925923, 
            56.530328, 
            0.0
        ], 
        "24": [
            153.406476, 
            102.215322, 
            0.0
        ], 
        "25": [
            104.53828, 
            103.337409, 
            0.0
        ]
    }
}