{
    "edges": {
        "0": [
            0, 
            1
        ], 
        "1": [
            0, 
            2
        ], 
        "2": [
            1, 
            2
        ], 
        "3": [
            0, 
            3
        ], 
        "4": [
            1, 
            4
        ], 
        "5": [
            2, 
            5
        ]
    }, 
    "vertices": {
        "0": [
            0.0, 
            1.767767, 
            0.0
        ], 
        "1": [
            -1.325825, 
            -0.883883, 
            0.0
        ], 
        "2": [
            1.325825, 
            -0.883883, 
            0.0
        ], 
        "3": [
            0.0, 
            2.167767, 
            0.0
        ], 
        "4": [
            -1.658645, 
            -1.105764, 
            0.0
        ], 
        "5": [
            1.658645, 
            -1.105764, 
            0.0
        ]
    }
}