{
    "edges": {
        "0": [
            0, 
            4
        ], 
        "1": [
            0, 
            1
        ], 
        "2": [
            1, 
            5
        ], 
        "3": [
            4, 
            5
        ], 
        "4": [
            1, 
            2
        ], 
        "5": [
            2, 
            6
        ], 
        "6": [
            5, 
            6
        ], 
        "7": [
            2, 
            3
        ], 
        "8": [
            3, 
            7
        ], 
        "9": [
            6, 
            7
        ], 
        "10": [
            0, 
            8
        ], 
        "11": [
            0, 
            9
        ], 
        "12": [
            1, 
            10
        ], 
        "13": [
            2, 
            11
        ], 
        "14": [
            3, 
            12
        ], 
        "15": [
            3, 
            13
        ], 
        "16": [
            4, 
            14
        ], 
        "17": [
            4, 
            15
        ], 
        "18": [
            5, 
            16
        ], 
        "19": [
            6, 
            17
        ], 
        "20": [
            7, 
            18
        ], 
        "21": [
            7, 
            19
        ]
    }, 
    "vertices": {
        "0": [
            -15.9099, 
            5.303309, 
            0.0
        ], 
        "1": [
            -5.3033, 
            5.303309, 
            0.0
        ], 
        "2": [
            5.3033, 
            5.303309, 
            0.0
        ], 
        "3": [
            15.9099, 
            5.303309, 
            0.0
        ], 
        "4": [
            -15.9099, 
            -5.303309, 
            0.0
        ], 
        "5": [
            -5.3033, 
            -5.303309, 
            0.0
        ], 
        "6": [
            5.3033, 
            -5.303309, 
            0.0
        ], 
        "7": [
            15.9099, 
            -5.303309, 
            0.0
        ], 
        "8": [
            -15.9099, 
            8.881018, 
            0.0
        ], 
        "9": [
            -19.487609, 
            5.303309, 
            0.0
        ], 
        "10": [
            -5.3033, 
            8.881018, 
            0.0
        ], 
        "11": [
            5.3033, 
            8.881018, 
            0.0
        ], 
        "12": [
            15.9099, 
            8.881018, 
            0.0
        ], 
        "13": [
            19.487609, 
            5.303309, 
            0.0
        ], 
        "14": [
            -15.9099, 
            -8.881018, 
            0.0
        ], 
        "15": [
            -19.487609, 
            -5.303309, 
            0.0
        ], 
        "16": [
            -5.3033, 
            -8.881018, 
            0.0
        ], 
        "17": [
            5.3033, 
            -8.881018, 
            0.0
        ], 
        "18": [
            19.487609, 
            -5.303309, 
            0.0
        ], 
        "19": [
            15.9099, 
            -8.881018, 
            0.0
        ]
    }
}